Title,Duration
"Through the Seventh Gate ~Land of Wind and Shade~",273
"Through the Seventh Gate ~Land of Heat and Clockwork~",276
"Through the Seventh Gate ~Land of Light and Rain~",276
"Through the Seventh Gate ~Land of Frost and Frogs~",343
"'Intro: I Turned My Daddy On'",24
"Spacetime Starstriker",138
"Harlecoaster (Not Voul. 1 Mix)",60
"Secretz Barz",189
"A Basketball Calamity",228
"The Souns of Justis",179
"uoo…î é‚î¥ …π«ù ás…êo…î…π«ùllo…π (Trap remix)",80
"Stabby",139
"'WANTED: Jack el Negro. REWARD: $720'",146
"Echo Chamber",153
"Intentional Unintentional Touhou",107
"Moonwasher",188
"'Rose: Escape'",110
"Starsetter",138
"uprising turnways",174
"Opening Night",97
"you have got to be SHITTONG me (temp title)",359
"Two master classes, a knife enthusiast, and a green dude walk into a bar.",344
"feeling cool and new",138
"what redbone would sound like if michael bowman was explaining his credit score while spinning two fidget spinners in opposite hands, and sans and ness were battling outside the bathroom",56
"ShOwOteim",155
"Furry Monarch",114
"Catched Being Naughty (Punishm8ant Time)",150
"Of Orchids and Roses",196
"Through Corruption",95
"o's sekret spageti",280
"MoonScreamer",55
"Moshi Finds a NES",131
"GrimdAAAAARk",80
"Cool and New Jungle",249
"Jaed Chaos",162
"Andrew Hussie's Wild Ride",221
"The Ultimate "O"down",243
"Moshi Moshi Moshi Moshi Moshi Moshi Moshi Moshi Moshi",50
"Of Bork and Yifs",269
"jaeded",178
"Moshi Meets An Orchestra",138
"please kill me remastered vol 9 edition",72
"Corrupted Collision",215
"Boss Battle Against European Doctor Pepper",74
"Endure",179
"Unite Synchronization (Revised Edition)",172
"Sunrise",194
"Fly Me To The Elevator",51
"Admiring The Nexus",49
"The Elation of Elevation",187
"Despoiled Dunes",129
"Creatrix",129
"STRIPE!!!!",125
"it's Toby, somewhere ...",152
"Break Battle",83
"out of time",65
"Clockwork Melodica",35
"Cool and New Funky Beat (Feat. Devious)",148
"Momi (Piano)",170
"I Miss You",255
"This song was made 30 seconds after the deadline so please have s*x with me.",15
"24x SHOWDOWN COMBO",250
"Nobody kn"O"ws",238
"Downwards",275
"Nakkin' Ned's Nice Naks",142
"Of Orchids and Roses (Full)",309
"The Souns of Justis (Full)",217
"Fly Me To The Elevator (Full)",102
"Legacy",104
"Eerie Wind",131
"Exploratory",270
"Execute",74
"Abandoned",120
"Enclosure",84
"Heart Attack",72
"Horrify",80
"Exauguration",144
"Exterminate",72
"Outbreak",80
"Lurk",152
"Delurk",72
"Terrify",80
"Undisturbed",90
"Ritual",151
"Doomed",109
"More Doomed",103
"Edge Of Worlds",205
"Heritage",87
"Bequest",88
"VIRON",43
"Geocaching",168
"Archaic Rodeo",77
"Saturday Morning",1
"News",172
"Dead Silence",140
"Like and Subscribe",47
"Not a Robot",154
"KICK THE SHIT",162
"Tarnished Gold",79
"Polished Brass",40
"Skate or Don't",152
"Overture (Canon Edit)",540
"Cadmean Conquest",233
"Waiting In Suspense",362
"Penumbra Phantasm",147
"Earthbound",148
"Limelight",190
"Entombment Everlasting",135
"Seraphic Storyteller",192
"Completely Comfurtable",80
"Medic",63
"Dog Girl Summer",242
"Drifter (instrumental)",200
"Room for one more",308
"Transplant (instrumental)",164
"Another Flare (413 Aradia Goose mix)",222
"Another Noir",216
"SIGNAL START",205
"ARE YOU LOST?",280
"FALLEN",291
"LOREM IPSUM DOCET",253
"TRUE AUTUMN",321
"MEDIUM",382
"JUDGEMENT",211
"üïÜÔ∏é‚ò†Ô∏é‚òºÔ∏é‚òúÔ∏éüíßÔ∏éüè±Ô∏é‚öêÔ∏é‚ò†Ô∏éüíßÔ∏é‚úãÔ∏é‚úûÔ∏é‚òúÔ∏éüì™Ô∏é ‚òºÔ∏é‚òúÔ∏éüëéÔ∏é‚úåÔ∏éüëçÔ∏é‚ùÑÔ∏é‚òúÔ∏éüëéÔ∏é",220
"‚úåÔ∏é‚ùíÔ∏é‚ôèÔ∏é ‚çìÔ∏é‚ñ°Ô∏é‚óÜÔ∏é ‚óèÔ∏é‚ñ°Ô∏é‚¨ßÔ∏é‚ß´Ô∏é‚úçÔ∏é- full album stream",2167
"The Clock Ticks On",24
"Savior in a Blue Suit",132
"Caretakers",135
"Seer From The Depths",159
"Universe Breaker",88
"Hearts Asunder",164
"Ringleader",136
"Intermission",123
"Bloody Beatdown",126
"One La2t Prophecy",210
"Calabaza Palooza",116
"Umbral Union",231
"Seer With The Scales",90
"Moment of Valiance",211
"Penumbra Phantasm",253
"A Final Tick",20
"In the Beginning",86
"Doomsday Strife",119
"cool and new Jungle (Alpha Mix)",164
"Battle Against a Boring Foe",26
"Fragments",117
"Battle Against an Average Foe",82
"Basement Tale",413
"Argia",116
"Energeia Strife",126
"Deus Tres Sanctoro",440
"Cools and News",174
"Meldey",358
"Spontaneous Combustion",213
"Drowning Dogs",195
"Mister Murder Maniac",271
"You Never Listen To The Lyrics",189
"Ba Dah, Dah, Dah",111
"For The Good Of Chuck E. Cheese's",225
"Bees.mp3",122
"Seatbelt Safety",51
"Damara's Bees (Fatalism Beemix)",204
"Safety Crusher",84
"In Love (With Safety)",97
"FEAR OF BEES",122
"Beltstep",127
"Beetermination (Thinking Bee)",92
"Bee Safe",109
"Savior of the Driving Dead",94
"I Want You (To Wear a Seatbelt)",65
"Safe Drive at Midnight (Fuchsia Moonrise Beep Mix)",68
"Sleep Tite, Veri",120
"exclusion zone",142
"Now I'm a Villain",280
"Cosmic Carousel",209
"Surprise, We're Back",321
"SPLIT REALITY",306
"Assembly",277
"Not Canon in F major, Op. 69",220
"The Leaving",213
"Light Burns Out (Gestalt)",436
"Hometeam Adv8ntage",238
"After the Sun",253
"Narrative Command",253
"eleventh hour",166
"Adios, Lost Boys",210
"Moving Onwards",195
"Make a Pretty Picture",149
"Four Kids (and a Game They Played Together)",253
"crystal hung in firmament's descent",191
"'lore 2: the revengning'",138
"BOWMANIA ~ TITLE SCREEN",93
"With Apologies to Neil Cicierega",104
"Bad Credit",218
"Bowreguard Stutzelogic Chaotixotica",128
"BowmaniASMR [Roleplay] [Intentional] [Part One]",297
"Windows CS Installation Score",100
"BowmaniASMR [Roleplay] [Intentional] [Part Two]",332
"Battle Against A Gorgeous Stutzbow",100
"You Reposted The Wrong Credit Score (Seijen blackrom mix)",96
"I'm (Not) Saying Anything",152
"Credit Sleuth",57
"'"Libera me" from Bowman'",273
"When I'm Thinking of a Number Between my Buttocks",23
"Credible Bowmascore",117
"Drum and Bowman",38
"New Cool Then",218
"C.S. Buttock Was Her",51
"Do you know",206
"Bowman-o-Matic",173
"Pasta Soda",162
"Bowman Time (feat. Neil Breen)",197
"Nightmare Yard",81
"Credit Of Nazareth",126
"Bowfeld",50
"Bowmanban Jungle",181
"'Casin: an American Musical'",32
"Credit Smooth",296
"Michael Bowman Instructs HAL-7200",109
"The CANMT",64
"Solid Credit Scoreter",71
"Radiation is now a Rapper",131
"Melody of the Buttocks",259
"Savior of a Lot of Money",154
"Cool and New Music Team's Credit Score",231
"rennss_credit_score.mp2",111
"A new Station",144
"A new Track",142
"Chronicala",66
"A new Journey",175
"Backtracking",125
"A New Chronicala",134
"Bolin's Cereal Journey",90
"Hijacking Jungle",140
"Chronological Noise",117
"Organ Donation",111
"Regent Erratic",124
"Chronic Jungle",55
"Have a Heart",167
"Vriska Dance",147
"Infection",58
"Heartwich (With Strings)",167
"A Hearty Attempt (at music)",88
"Plague",139
"Vaccine",166
"Oh Boo Hoo",54
"Let It Burn",147
"Plagueback",108
"don't hurt me",59
"Secretary of Health and Human Services Andrew Wakefield",98
"Slick Beeps",121
"I legitimately hate blighttown",106
"Plaguespreader",92
"Hurt My Finger",118
"Secretary of Industrial Rap and Grunge Rock Kurt "MCRIDE" Cobain",133
"'Dead Secretary: Zero Health'",91
"G O D T R A S H",105
"I really hate Cooltown",112
"Welcome to Flavortown (Battle Against a Bodacious Foe)",242
"Converge",253
"HOW 2 DJ (vip excloosive feat. dabe)",94
"Ich bin dead.",93
"I slightly dislike chiptown",104
"How to Converge at Flavortown",106
"Excess Express",74
"Ich bin not dead.",80
"I absolutely loathe this Drummer.",119
"Drive-in Derailment",144
"Ich Bin Eine Spieldose",80
"I despise this BUILDUPes",152
"Light at the End of the Tunnel",92
"Re-routed Repair",145
"Ich Bin Eine Spieldose (Unbenutzte Vokalmischung)",93
"The Tempestuous Traveler",83
"165 MPH",140
"MULTI-TRACK DRIFTING ~~LAST STOP~~",765
"Step Back, Doors Closing; Step Back To Allow The Doors To Close",204
"TRAIN MELDEY (next-to-last station)",276
"Train Requiem",270
"cool.mp3",15
"Touchdown",109
"CONTACT",41
"First Contact",115
"Sunset Over Bright Future",129
"Contact Established",129
"Contact Established (Unused Vocal Mix)",129
"The Connection",150
"Stay in Touch",131
"Connection Scrambled",260
"Bad Radio",167
"Moshi Moshi?",141
"Moshi Moshpit",149
"Moshi Means Business",74
"Moshi Starts a Business",82
"Good Grief",72
"Good Grievous Bodily Harm",65
"Admiral Bone-To-Pick",191
"Cool And New Countdown",58
"Delicious and Nutritious Countdown",58
"Let's Get Ready to Meme!",60
"Let's Get Ready to ŒºŒØŒºŒ∑ŒºŒ±!",77
"Please Be Ready To Kill Me And Eat My Fucking Remains",99
"Wubchorale for Seinfeld",75
"WahWhistlechorale for Seinfeld's Pebbles",75
"Telephone ascension",76
"Microcosm / Macrocasm",192
"national treasure",153
"national weeaboo sample treasure & knuckles",149
"Blood Moon",86
"The final Calldown",180
"CONFERANCE CALL ~~LAST CONTACT~~",492
"candles + potency",253
"Intro",187
"I Wanted So Much More",221
"Shrouded in Specre, a Light Appears",68
"G A M E R E C L I P S E",255
"F L A R E (Doomed Timeline Ver.)",390
"c o u r s e r w a v e",111
"'[reverie vaporwave]'",318
"'psych0ruins 2: ultra sp00py 0_0'",180
"Ôº¢Ôº°Ôº¨Ôº¨Ôº°Ôº§Ôº∑Ôº°Ôº∂Ôº•",237
"licord midnight",149
"Ôº£ÔΩåÔΩèÔΩïÔΩÑÔΩì ÔΩèÔΩÜ Ôº°ÔΩÖÔΩìÔΩîÔΩàÔΩÖÔΩîÔΩâÔΩÉ",144
"Fuck you Basset",61
"The Thirteenth Minute",110
"Keyboardmashequins",58
"Triphopvania",65
"Oppa Toby Seizure",252
"Dirkwave",98
"T H I S S O N G L A S T S U N T I L 3 A M",303
"Inauguration",104
"A N O T H E R J U N G L E",54
"Ôº£Ôº≤Ôº•Ôº°Ôº¥Ôº°Ôºé",103
"VriskaMad 8 K3YG3N - SBURB v413",142
"It's Not Like I Like You or Anything (Baka)",107
"T H E M E (AKA Ballad for Penumbra Phantasm)",63
"X - V A P O R - N I G H T C O R E - R O M",49
"Median",82
"Damara's Night Core",124
"A Lamentful Walk Through the Sburban Plain",933
"„ÉÄ„Ç¶„É≥ÊòáÈ†Ü720",498
"Searching the Internet for Radiation",106
"Bridge of Stairs",152
"S K A I A N S H U F F L E",522
"Vapordave2",215
"Ride Alone",205
"Cascasin",439
"Liquid Nightcorecity",100
"Bumper to Bumper... Eventually",126
"Vapor Crusher (a.k.a. people have probably done this a million times)",140
"S Q U 3 4 K",162
"TRICKSTER CRUSHER",36
"Snow Creation (Kick me off the team edition)",1478
"Handling Trump's Utopia",89
"BLŒõNK JIMMEE",133
"All We're Gonna Get",94
"Gunshow 2 Finale Part 1",351
"Gunshow 2 Finale Part 2",358
"Gunshow 2 Theme (Instrumental)",116
"liquid vaporwavecity",187
"„Éê„ÉÉ„Çø„Ç¶„Ç®„Éº„Éñ",266
"Vaporstuck",212
"Beatdown Poppa",162
"Apeorwave - Donkey Poppa",284
"Despotwave",107
"A R I S E N A N E W",282
"B E ^ T D O Vv N",304
"doctorwave",229
"Descend more calmly.",460
"B L Œª C K",257
"C R Y S T A L S",86
"I don't wanna smoke an e-cig",439
"Ôº¶ Ôº≤ Ôº• Ôº• Ôº¶ Ôº° Ôº¨ Ôº¨",337
"Ôº¨.ÔºØ.Ôº≤.Ôº•",171
"ceru_altwave",114
"Ôº¥Ôº®Ôº• Ôº™Ôº°Ôº§Ôº• Ôº¥Ôº≤ÔºØÔº¨Ôº¨",82
"„Éâ„ÇØ„Éà„É´ÔºîÔºëÔºì",199
"Bowmasquiddlewave V2",85
"Ôº¶Ôº°Ôº¨Ôº¨Ôº©ÔºÆÔº¥ÔºØÔº¥Ôº®Ôº•Ôº®ÔºµÔº≥Ôº®",579
"„ÄéÔº£Ôº¨Ôº©Ôº≠Ôº¢Ôº©ÔºÆÔºß‚àûÔº¥ÔºØ‚àûÔº©ÔºÆÔº¶Ôº©ÔºÆÔº©Ôº¥Ôºπ„Äè",268
"Vaporflare",188
"Vaporous Heir",412
"2 P O I N T 6 M I L L I O N",64
"Ôº¥ÔºµÔº≠Ôº¢Ôº¨Ôº©ÔºÆÔºß Ôº§ÔºØÔº∑ÔºÆ",54
"thisisvaporwaveright.mp3",347
"liquid vaporwavecity (original)",186
"ahahahahahahahahahahah, its XISTMAS you fat nasty trash",48
"Christmas Countdown",60
"Christmas in September",164
"A Very Moshi Christmas",51
"Yule and New",202
"Blaze (Cascarol cut of the Bells)",98
"A Very "O" Christmas",401
"We three normal character so far in CANWC of orient are",103
"Pachelbel's Movement",130
"The Night Before Gristmas",96
"Jhon killed Santa",130
"Hey guys, are pirates Halloween-themed? Oh, shoot... this is a Holiday-themed album...",19
"A Special Day In Medium",112
"SnowAlLaVania",136
"How Do I Live Without Christmas",263
"We are Cool and New (Hadron's Cut)",141
"I used to have a high effort track here but then they said you can't bring credit score back so I just put a christmas song through the wub machine, I miss you bowman",75
"It's A Lovely Day To Be Named (voicep0.wav)",20
"MeGaLoFuckNoPlsKillMeVanIa",127
"Memehalation (cool and new mix)",286
"Updoggtor",104
"Wwaporvvave",635
"Discord Halation (weeb mix)",85
"Conflicto Plaza",45
"clownman's credit score",118
"i am caving inside a story (doctor origins)(GONE SEXUAL)",258
"L.O.R.E",112
"Mayor Retaliate",78
"Scribblenautomic Funeral Pyre",57
"ToonGrl",55
"i made this song 3 years ago",88
"Ruses",73
"'Deaf Injustice: Ignoration!! (original version)'",162
"Lord Spanish 8-bit (original version)",70
"Madame Supersawversielle",171
"The Ascended Twilight Fangirl (draft version)",84
"Megalovania!",22
"Savior of the Wind Waker",20
"Creata Nightcore",246
"Doctor chan (unfucked)",48
"Hoenn Cascade",780
"Hoenn Doctor",56
"Hoenn Vale",267
"Hoennsetter",121
"'Minish on Kazoo: the Movie: the Game: the Comic: the Anime Opening'",241
"Snow Phantasm",13
"ULTIMATE LEITMOTIF MIX",15
"Revival",45
"Strings (Without Ruins)",40
"Decelerate",144
"Do You Remem8er That Time We Chased a Serial Killer",167
"Everything is Circular, if it Rotates",81
"the day of all teh blood!",268
"Yoshikage Nepeta",95
"a twang",35
"Deadly Planet (Before. 2 Beta)",93
"Grubian Residential District",51
"its a project that i worked on and then didnt care about anymore",20
"its megaman except the song is homestuck too",53
"its music mmbaby",56
"Like Jimmy, Like Flash",46
"Soulward Movement (Davepeta owns)",125
"Megalovania (Marimbakind)",67
"NGS.mp3",50
"Rap Test (the doggo rap)",28
"cool and new Jungle (Beta Mix)",144
"A Synth Thing (WIP Name)",121
"Endless Fall",84
"Over the hat",71
"Showup",101
"Moonstepper",119
"Moonsideways",120
"Bowman's long long long time",156
"Build Up Speed FOR THREE YEARS",207
"Crazy Elevator",145
"derse gon give it to ya (brief)",20
"Dr. Euphemism (demonic mix) (makin is bored edition)",65
"EPIC ALCHEMY MONTAGE",25
"justice must be a serve (no sirens)",102
"Parade of Man",240
"Penumbra Wubtasm (brief)",27
"NUT DAD",66
"Maymerlovania",160
"Through Carne and Vale",263
"sburbon contdon without shit midi",37
"Oppa Hammer Style",337
"Hamburban Jangle",217
"Layers Uppon Layers Uphon Lahyers Upoon Lawyers Unpow Laryards Awnop Lanyeos Punwo Lyanerons",202
"wade.mp3",63
"'*xplore'",146
"Harlecoaster (Lame and Old)",56
"Tycoontime (Lame and Old)",56
"How I learned to stop worrying and love the spiderbitch",271
"Theory",28
"Why don't we use this leitmotif often anymore",330
""I put a harmony midi into a japanese 9 bit converter program"",219
"halator of the snowing world",150
"Meeeeeeeegalovania",33
"meme suicide - dilbert yon",55
"missathing.midi",304
"seinstones",13
"the original ass blast track - aka the full ballad of carnival wilson",103
"this one will be actual quality track (aka just kidding, it's meme trash) (VERY LOUD)",111
"Cat Song",32
"Doggie Village",57
"Dogsong (Unoriginal Mix)",81
"err of greif (original mix)",404
"MaTEM Controversielle",170
"Through the Iron and the Knights (Original Version)",197
"VriSKA (Alt Mix)",69
"Pebumbera",25
"-3x piano solo",250
"A major in doctor",57
"mooncrotales",139
"Moonweirder??!!?",170
"Show-Sburb-Setter",194
"A E S T H E T O B Y S T Y L E",193
"Bowman Boogie",99
"Harmonize (Beta)",333
"I'd like to see your hexagon",134
"K.K. Doctor",64
"Pepper Nadsat",10
"The Baby Is The Doctor",50
"A Day When The Sun Is Shining",95
"A Wanted Cry For Pleasant Recompense",121
"Approaching Foe",158
"Doctor (Help I'm choking MIX)",55
"Fantastic Exposition",47
"Good song (probs)",33
"Velvet Village",73
"Running",84
"'Reveloshowtime: Waking up the radiation'",126
"sung for dady jhon",123
"Coasterlovania",138
"hey now, youre a god tier",147
"PuMpKinPaRtyVania",102
"Purple Terry",225
"Solar Bonfire",233
"Tere'z Is Theme",68
"Terezi Nuts",105
"what if dance of thorns was a beating up people montage",186
"Climbing Endlessly (Alpha Version)",57
"Droogtime (CD Version)",93
"Stopless Climb",84
"Lord Spanish 8-bit (bassline)",70
"Suburger",9
"'[S] Jerry: Hammer'",52
"Cascade and Knuckles",777
"Capricious Mistress",220
"Carne Vale Fusion Collab",262
"Reverie",257
"Power Fantasy",262
"Stellarum Salve",203
"Carne Vale",263
"Green Lolly",251
"Red Sucker",224
"Constant Confinement",234
"Constant Conquest",286
"The Lyrist",215
"The Lordling",171
"Eternity Served Cold",500
"Chilled Processor",90
"Accept My Shaft",225
"Get It On",153
"LAWNMOWER",126
"Lonely Rolling Star (English)",338
"Hey Baby",121
"Fever",193
"Man of Constant Sorrow",176
"Teenagers",124
"Rainbow Connection",171
"Hard Reset",246
"'69423'",243
"Bad Dudes",165
"Looking For A Rock",117
"Comfortable Bugs",281
"I'm Letting Go",264
"Three Small Words",244
"Every Time I Look Into Your Eyes",538
"Roll With The Punches",236
"Light Of Apollo",251
"Contritum",194
"can you give me a HAND",156
"FOCUS",161
"Ultralovania",161
"Three in the Morning (4‚Öì Hours Late Remix)",440
"Midnight Suffer",146
"Dersite",107
"Unintentional Touhou",184
"Moshi Moshpit",149
"Transcend",181
"Fake Fruit Fiesta",173
"Feel (Good)",136
"Formation",230
"Cascante",185
"CANWCade (Alpha Mix)",190
"Fighting Spirit Redux",224
"Strife Mayhem",339
"Archagent Everlasting",127
"Penumbra Phantasm by Toby Fox (feat. "Radiation")",280
"The Gemoni Mustard Blood",124
"Timestop",253
"Flarezzzzzzz",121
"Postdoctoral Research Position",310
"Black Yard, Green Fun",143
"Harmonize",355
"25x SHOWDOWN COMBO",253
"Umbrella Tomato",212
"Dr. Pepper",194
"Stubborn Thr"o"es",188
"go down (cool and new Mix) (feat. John J ‚ÄúDamn, Now Those Are Some Tunes‚Äù Renns)",274
"SBOWBAN GLAMOUR",204
"CONFERANCE CALL~~LAST CONTACT~~",492
"Spanish",162
"Cascadium",401
"Admiral Bone-To-Pick",197
"Tick / Tock",60
"Drawing Deud",189
"Terexi",86
"Vagabone",124
"'!!~~~ the will to figt ~~~!!'",315
"The Endless Black",271
"Final Confrontation",136
"Recooled Return",113
"A Very "O" Christmas",401
"„ÄéROLLER COASTER„Äè ~~BEGIN DISC 2~~",12
"cool and new Anthem",211
"mmmmmmmmidwife",25
"Intentional Pokemon",208
"„ÄéTHIRD JUNGLE„Äè ~~BEGIN DISC 2 ACT 2~~",17
"Even in Kill",153
"Thyme On My Fries",206
"'Jungle #3 (CaNH Edit)'",164
"„ÄéBOSS BATTLE„Äè ~~BEGIN D2A3~~",17
"Black (Full Version)",22
"I'm a Member of the Midnight Crew (Text to Speech (Canon Version (Canon Edit)))",170
"dick coordinat",109
"dikr; bring togehter",60
"'Enter with Caliborn: Destruction Adventure'",334
"„ÄéALPHA OMEGA„Äè ~~BEGIN D2A4~~",17
"Alphacoaster XP",249
"„ÄéDOCTOR PHD„Äè ~~BEGIN D2A5~~",17
"jake englii2h you are LIITERALLY lowwer than rat piiss iin my eyes, ii wwould use all my half-baked hope powwers to put a donut shaped hole iin your stomach but iits too much effort so iim just goiing to contiinuously giivve you the biird (kazoo version)",107
"hors",197
"gnarly piono solbo",100
"„ÄéNUMBER ONE„Äè ~~BEGIN D2A6~~",17
"Critical Error",92
"Vegetal Colina",264
"Tycoonkind",114
"Hell"o" Kermit",179
"monsoonto",167
"'[S] Terezi: Rememe8er'",264
"„ÄéCOOL AID„Äè ~~COLLIDE~~",14
"Creata (Cool and New Synth Mix)",113
"72.0x SHOWDOWN COMBO",336
"Eternity Served Medium-Well, Avec Cr√®me de Champignons (A.K.A. Eternity Served Spicy)",215
"Tycoon of Grief",362
"„ÄéKING OF„Äè ~~END OF DISC 2~~",19
"'Jungle #3'",245
"Coolaid",1030
"Spoopy Piano o-o;",141
"XP boogie",52
"i pulled out my old viola which i hadnt touched in years and did an RCT doodle because it was an emergency",31
"JHON PLAY US A DITTY",117
"Skaian Skaia of Skaia",49
"Vagaboing",73
"Sweet Haunt and Hella Bass",40
"'Harleband 2: The return of Harleband'",71
"pnoy crhlae",63
"Unbreakable Unity",185
"Actually, The Plot Snaps in Place",188
"i knew you was a punk",92
"the worst song on the soundtrack",126
"Sunslammer is my music waifu",137
"AAAAAAAAAAAAA (Post-canon version)",47
"a third goddamn countdown",34
"Despite All My Rage, I Am Still Just a Nic in a Cage",41
"ULTRA CHORALE REMIX MEDLEY",27
"Tiny Chorale",68
"Moody Nigra Shit",61
"the version we had of this was unusable and we had like one day to replace it so yazshu whipped out his kazoo and here we are",158
"JANE ENGAGES WITH SOME MEMES",31
"jane blast off but to the tune of we are number one but in major but with each hey being replaced with ostrichlittledungeon saying nyah but that being overlayed with voice clips from game grumps back when jontron and arin were the two grumps",17
"While CaNWC > Homestuck",200
"Slight Delay",74
"Homoshack Anthem",61
"Homoshack Anthem Chef's Cut of the Day Edition",89
"Please help me I am in pain",120
"7 GRAND END",543
"Revisit/Rewind",373
"Resend",288
"Cosmic Eternity (Opening)",53
"Green Hill Zone",153
"Aero Your Soul",156
"Studiopolis Zone",172
"SONIC FORCES Main Theme",63
"Green Hill Zonewave",80
"Autonomonasty Senserational Meridisick Repose",138
"Terexi",86
"Verr Dancy",123
"Moonroller",77
"Tick",60
"Tycoonlight Sonata",79
"There's a Balcony",342
"Feel (Good)",136
"MeGaWaltzeVania",137
"'Learn with Caliborn: Typing Adventure'",190
"Bleep (Extended Edition)",106
"Misery Loves Company",95
"Mayonnaise Serenaydornot",48
"Fake Fruit Fiesta",181
"profesionalsism",206
"'jhon: rid roler costr'",64
"dœâ/dt < 0",154
"good remix of a homestuck song",2
"Picture This",5
"Unite Synchronization (Unused Vocal Version)",176
"Atomek Beatcendpyre Melodie",119
"Err on Greif (acoostic Covre)",160
"Let the Kiddles Sleep",120
"Bg'ogublgog'ybulsprite",99
"/r/homestuck sing "How Do I Live (Bunny Back in the Box Version)"",216
"Michael Bowman Remix (Est. 2006)",36
"Lord Spanish",72
"Quantum Reversal",200
"3:00 AM",244
"a e s t h e t i c a d e",440
"Sungetter V2 (Another Megalo Strike Back Remix)",157
"'game hypothesis: what if sans was actually ness from earthbound created by toby fox'",90
"MoonBetter",146
"ridaculously ilegel",101
"MegaloWAHnia",89
"Patient (Toby Breaks My Bones, Killing Me Instantly Mix)",118
"don't hug me i'm flared",62
"megaloh fuck it",92
"You Killed John Santa (Prepare to Die)",262
"I Can Barely Rub Juice In This Casino",127
"Germyquin",138
"Saltish",253
"are you next (umm strief maybe?)",50
"jhon and dabe at gamebro games",39
"i am sitting in a piano",440
"A-M-A-L-G-A-M-A-T-I-O-N",99
"MiRaClEs (not mIrAcLeS!)",248
"moonflopper",181
"interducing..... her royal high ness,, jaed hardly",16
"'!!~~~ the will to figt ~~~!!'",315
"'Divine Justice: Overload'",111
"==>",158
"‚Ä¢~DIKS 1~‚Ä¢",80
"Fighting Spirit Redux",224
"Showup",103
"Ocean Coasters Crashing",121
"The Endless Black (aka Clockwork Negrocity)",271
"Masked Fox",71
"Youth Stone",96
"Skaian Cloud",102
"arfchant evenlasing",121
"'[S] Ascend, Descend'",40
"T3R3X1 STR1K3S B4CK",84
"Delfino Conflict",93
"A Comprehensive Summary of Jaek Spanish",23
"Cooler and Newer Community Garden",172
"Sad Jhon :( (Album Cut)",117
"Jhon et la D√©g√©n√©ration de la P√®re",89
"Tycoonan Jungle",187
"Toon GameGrl",115
"Yu-Gi-Bro",63
"Stubborn Thr"o"es",188
"cormfilt or something",103
"This Saturnine Existence",80
"Formation",230
"'Sesame Street: Robin Williams: Conflict!'",126
"Drawing Deud",189
"'Sburban Jungle: Dance Remix'",195
"C O N S U M E",123
"Transcend",181
"‚Ä¢~2 SKID~‚Ä¢",32
"Strife Mayhem",339
"I Love Hussie",57
"Moshi Will Fight",99
"Inside Daddy's Chest",142
"Eturnedtothree Served Cold (Album Cut)",156
"Upwave",74
"A Cryptic Doctor",177
"Moonreposter",64
"Deus Revexelatious",45
"Fighter Kanaya (Album Cut)",113
"STRIVE",139
"Atomyk Beatdown",89
"Moshi's Claw (Bonus)",38
"Deth of Dabe",215
"FOCUS",161
"A rollercoast ending",201
"Sad Jhon (Full)",136
"Moonreposter (full version)",95
"Fighter Kanaya (full version)",204
"Eturndtothree Served Cold (Full)",484
"HECKA JEF SONB",60
"Fruity Pebbles Redux",244
"daet with roze",81
"english (epic string cover)",64
"Tock",60
"Beatdown XD LOL!!!",118
"gNARLY solbos dude",111
"BeatSlide XD",150
"Jack's Last „ÄåStand„Äç",169
"'femorafreack: invesetigat'",56
"Bowman Remix DX",188
"the 2econd 2 la2t frontiiiiiiier",111
"Chalk Emerald",104
"revengn",124
"Vagabone",124
"you godda be kideney (endoctorine mix)",102
"Even In Space",138
"Same Medium",171
"please kill me.",64
"C R Y S T A L S",86
"Penumbra Phanteaseum",138
"Corrupted Conquest",370
"Bloodletter (Halloween Playlist Edition)",53
"Conflict?",68
"25x SHOWDOWN COMBO (Memeless)",253
"Midnightcore Crew",85
"Bowmanquest",234
"MeGaBrOvania",167
"deeeeeeeennnnnnnniiiiiiiizzzzzzzzeeeeeeeennnnnnnn",136
"the march of jaed",252
"MeGaLoPaint",110
"End of the world",91
"Hauntjello",84
"sbruban trian",115
"Eternity Served Eternally",428
"The Ultimate Brodown",213
"Momi + Jhon Slopy MAKOUTS",61
"'((S) Dabe: Acellerate'",72
"Dragon Clock",121
"'cool and new web comic: morse code edition'",253
"the not-even-pretending-to-be-about-CANWC-anymore-song (unwillingly featuring dagwooddeluxe swifterjack and tirantbacon)",142
"Quantum Breakdown",200
"'Theory Proposal: NESS is actually INVERTED?!'",57
"Lord Spanish 8-bit",70
"That guy from the comic",134
"troleplanet",163
"With Grief To A World",154
"'holy shit 100 songs: a message from Daniel'",43
"Eternity Served Ten Degrees Celcius",146
"dull",9
"here's an idea",8
"DanceCantDown",64
"S*x (Feat. Femorafreak)",73
"Quad City Bros",90
"Meme Voyage",305
"Unintentional Touhou",184
"SBOWBAN GLAMOUR",204
"Rising Echoes",154
"Moonslammer",177
"Anticipation",335
"rubs juice",93
"derp waltz",102
"NuTshacKoVania",59
"cool and new community garden",169
"Rainbow Jungle",212
"Sweet Cravings and Pumpkin Jeff",249
"Sarabande (Canon Edit)",133
"Regina Araneolus Canes",221
"The Ballad of Carnival Wilson",75
"snoop checks his credit score",160
"Midnight Suffer",146
"Artistic License - Gravity",102
"Takyonyk Ebonpyre",70
"Confliction",47
"Credit Shack",76
"Ultimate Amazing Serious Remix (Live Ressurection on Stage)",138
"Fresh Jimmy's Fresh Beatz",53
"A Crowd Can't Touch This",256
"I'M THINKING OF A FUSION",171
"'Black Showtime: Revelovania'",146
"Salt",224
"roze da detepktib",42
"Bolero Served Cold",25
"Garden of Cool and New",782
"the maymay sonb",56
"Sburban Ascension",174
"Bleep (dodecaphonic remix)",24
"iran knight (meme dumpverizon)",247
"Crystal Meth The Queen",152
"Afraid of the Spaghettio",174
"clockwerk sorrye",136
"Descend (Revised Edition)",251
"waste of a track slot",369
"Extraterrestrial Flare",184
"desscend",151
"Monsoonsetter",105
"Sunsweater",183
"VriSKA",67
"Damara's Credit Score",124
"Pypes",41
"Droogtime",93
"ass well as yellow!",66
"The Death of Dirk Strider",98
"Griever's Last „ÄåStand„Äç",152
"Flare shoved through a percussion soundfont",175
"Climbing Endlessly",72
"Even in face",120
"'Trumpets 2: Boogyloo'",138
"Crystalmegamix",217
"Moonforgiver",201
"ruinds (with strigns)",126
"ruinds (with out strigns)",172
"ruinds (with out ruinds)",172
"Tick Tock (feat. Lord Engli$h)",80
"Ke$haLoVania",205
"BG'OGUBMOM'IBULSPRITE",65
"H",273
"AAAAAAAAAAAAA Canon remix (not actually cannon though)",60
"ANIME THEORY",67
"(Not a) Beefucker",143
"Through the Irons and the Knights",197
"Doctor chan",48
"Flagrievance for Jasprawesome (with terexi)",177
"Bro - Gameabout",160
"Twenty Fifth of October V2",322
"Eternal Torment of the Casino Dweller",174
"Apex Predator",356
"CANWCade (Alpha Mix)",190
"Harmonize",355
"D√¶scend",265
"W H A T T I C K I N G",94
"wano_vo_tse_1.wav",80
"26x SHOWDOWN COMBO",267
"o",352
"Cascante",185
"Harlecoaster",56
"FLARERERERERERERE",89
"Showtime (piano a fine)",212
"Spacesplore",102
"justice must be a serve",102
"Three in the Morning (4 1/3 Hours Late Remix)",440
"licord nacrasty",134
"Archagent Everlasting",127
"X - V A P O R - R O M",67
"Penumbra Phat",34
"MoonShitter",138
"'JHON: RICE'",88
"sonflapper",60
"turnways lurker",136
"Anthem",87
"Three in the Medley",238
"Unity of Thorns",132
"Hankage Fantazumu",113
"i am sititng in a buttock",440
"can you give me a HAND",155
"Usurp",104
"a color this shirt also comes in",148
"fun cat song :3 :3",65
"Completely Delusional",146
"upp word(s) movmeant (Fanon Edit)",227
"AAAAAAAAAAAAAAAAAAAAA",61
"rolercoasteng in SPACE!??!??",168
"ScArY roller coasteds!!",224
"suburbon contdon",39
"upways moving [jhon own dabe]",124
"megalobelchia (fea.t live guitar battle!!!)!",192
"rekiuem fro kraket",289
"lame and old webcomic voluem 10 (MEGA MILX)",625
"dono't dsiturmpt plsthx",164
"you are a furry",128
"Tycoontime",56
"ultimite fite!!!",58
"Tycoon",203
"Doctoral Degree",110
"V A P O R S T U C K",127
"'kis da boy #<3 #<3 #otp #aaAAAAAA #OMFG #!!!'",118
"The beginning of... something",157
"P E N U M B R A",203
"Before.",145
"BLAPCK",170
"xistmas soong",78
"SpaceBro",206
"25x SHOWDOWN COMBO",253
"~~~~ figting spirit ~~~~",123
"go down (Fanon Cut)",148
"Cool and New Web Comic",144
"Crossmound",264
"At the Edge",110
"Try",149
"Waltz of the Lilies",131
"Roots",102
"Rainbow Night",221
"A Letter to my best friend",48
"Hyacinthine Proscenium",147
"Blue Trooper",152
"Break da Bank",129
"Primarian Interlude",50
"Mean low tide",123
"Wired",144
"Oracular Envoy",163
"Upbrought by Solace",192
"Occult Occursion",205
"Eyes in the Abyss",107
"my magnum opus",96
"ARE YOU LOST II",260
"WELCOME TO THE CITY (Snow Squall Warning) ",273
"SMART RACE (Cristata Vs Hywell Mix)",314
"ATTACK OF THE KILLER QUEEN (CORE Mix)",363
"BIG SHOT (1997 Remix)",452
"ùêºùí©ùíØùê∏ùëÖùêøùí∞ùíüùê∏- Elsewhere, in Another Time and Space, it Pours (ft Cozmia)",242
"WORLD REVOLVING (1997 Edit)",267
"SCARLET FOREST (Lotus Mix)",455
"FIELD OF HOPES AND DREAMS (Flare Mix)",625
"BEFORE THE STORY",468
"DISCONTECTED, UNREACHABLE",368
"Something Familiar",546
"Yet Cool and New",447
"The Last Dance",265
"Fight Against The Narrative Napoleon",336
"Crystal Horizons",291
"Decently Destructive Battle",148
"Like Clockwork",243
"The Infinity March",323
"Checkered Crypts",170
"A Window In Time",194
"Cloudscape",84
"The Last Dance (Oops All Piano Version)",230
"Dialed To 11",337
"Battle Of The Bridges",332
"Dream Sequence",120
"Rude Awakening",352
"Fell Into The Nexus",124
"Clusterfuck Anthem",449
"THE Song Of All Time",223
"Showtime (Homestuck Medley)",327
"Heir of Grief",344
"Moonskater",237
"CARNE VALE",265
"Oppa Toby Style - Sax version",321
"Sardonic Scofflaw (Live)",338
"Umbral Ultimatum",262
"The Wild Years",215
"Touch My Brain",195
"We Don't Know Anything",277
"Wherever We Go",189
"I'm Seeing Everything",205
"Suicide Hotline",144
"Tomorrow's Gonna Come",184
"Purgatory",320
"Basement Window",372
"Under The Earth",255
"Coruscate",258
"My Folks",203
"'97'",325
"Arbroath",281
"Without Eyes",368
"Maine",188
"Fishhead",307
"Prana Ferox",232
"Song For King Arthur",373
"Vernal Equinox",304
"Fuchsia Ruler",247
"Sburban Jungle (Brief Glitch Mix)",108
"Altercate (Flute Refrain)",68
"Altercate",59
"Discord (Clarinet Solo)",87
"Discord",81
"Redemption (One Man Band)",78
"Redemption",55
"Sburban Meltdown",44
"Gravity Makes The Flame Rise",326
"They Want To Live Forever",170
"Burnout",270
"Get Tough",244
"The Real Thing",166
"Manufacturers",224
"2020 Visions",181
"Anarchy",222
"Land Of The Free",213
"With The World Sitting On Your Shoulders",208
"No Wi-Fi",250
"W4RN1NG (twistedAcquittal)",89
"Decay",213
"Naturae",80
"Eat you up (gorgonsTemptation)",100
"Princess Calamity",175
"Special Things",209
"the dro~wned sea prince (poseidonsCoronation)",220
"Pageturner",188
"Island Rain",174
"Assail!",95
"Prince of Doom",228
"Time Trial",218
"Houston Heartache",251
"Oliver/Olivia",155
"Console Wars",155
"Sleds and Mailboxes",171
"Animosity",179
"Old Friends (auxiliaryProtocol)",276
"'[NSFW] Ôº∞ÔΩÖÔΩéÔΩïÔΩçÔΩÇÔΩíÔΩÅ „Ç™„Éº„Ç¨„Ç∫„É†ÔºöÁôæ‰∏á„Éâ„É´„É™„Éü„ÉÉ„ÇØ„ÇπÔºà ÔºßÔΩïÔΩéÔΩìÔΩàÔΩèÔΩó Ôº≥ÔΩâÔΩéÔΩáÔΩÅÔΩåÔΩèÔΩéÔΩá Ôºâ„ÅÆÂ∞è„É≠„Éº„É≥'",208
"Heaven Sent (Unfinished)",110
"Mika",133
"Meichasprite",112
"Rictus",104
"Pete",69
"Nightosphere Bass (Unfinished)",16
"Chroma",182
"Bagarre ! (Unfinished)",38
"Grimnarc Voodoo",300
"Frog Eater",240
"The Oligarch",182
"Lilith",202
"Yuwrie",102
"Across Time",160
"Theme",65
"Windy Moor",122
"Asylum",196
"A Forced Smile",68
"Black Rose Petals",133
"Hellion Angel",208
"Rooftop",183
"Dog Tired",178
"Trypophobic Canine",132
"Striving",276
"Nightmare",69
"Rainforest",80
"Ignition",153
"Noir",131
"Rainy Haven",183
"Teenage Turmoil",136
"On-Time Departure",184
"Lunch Break",65
"Above Sea Level",181
"Studio Space",62
"Raw Honey",165
"Homestead",102
"Shell Game",245
"'Ticket to Ride: Rusty'",393
"'Ticket to Ride: Quadrant Confusion'",105
"The Prince of All Mustardbloods",191
"'Ticket to Ride: Trial Variation'",110
"Court Begins",242
"Objection",208
"Cross Examination",213
"Cornered",206
"'Ticket to Ride: The Other Half'",275
"'Ticket to Ride: Down with the Clown'",170
"Conductor's Cabin",217
"Old Secret",266
"Ghost Train",184
"Fight of the Bumblebee",107
"The Perfect Cast",93
"'Dark Carnival: Rusty'",240
"'Dark Carnival: Quadrant Confusion'",246
"'Dark Carnival: Trial Variation'",147
"'Dark Carnival: The Other Half'",120
"DRONE",80
"ARTCHOP (APPARENTLY)",96
"Ôº≠ ÔºØ Ôº© Ôº≥ Ôº¥",149
"Call me Gor-Gor",185
"'>tfw another james roach track'",175
"Piwates ',:^]",226
"it be like that sometimes",188
"take me to clown church",187
"fortnite funny moments epic fails episode 413",216
"Old Secret",266
"IIYWASWIWTBOTSA4AATWUOTDTMIHCIMFH",71
"SERVICE CAR",253
"(an ascii image of bowsette)",308
"idk man you name it im tired",156
"GRAVEYARD SHIFT",324
"CLOWNFUCKER",172
"(this title was too long)",130
"turns out its like the shoe",135
"yall know i just do the music right",160
"the final clowntdown",191
"END OF FRIENDVANGELION",181
"VALID END",121
"WORST END",150
"Homestuck 'Fuchsia Ruler' For Orchestra",296
"Homestuck 'Sburban Jungle' For Orchestra",300
"Homestuck 'MeGaLoVania' For Orchestra",299
"Homestuck 'Rex Duodecim Angelus' For Orchestra",420
"A Real Scourge All The Same",232
"I'm an Englishman in a Doc",178
"Cap & Glasses",280
"Explore Midnight",277
"The Noble Orange Bird",212
"I'm an Englishlord in a Doc",186
"Sacrifice",137
"Creata",492
"Train",93
"Of Gods and Witches",253
"Beatup",311
"You Killed My Father (Prepare To Die)",262
"Sound Judgement",206
"Aggrievocation",221
"Stride",206
"Skaian Overdrive",147
"Freefall",253
"Moonsweater",477
"Castle",73
"Skaian Happy Flight",126
"Voidlight",194
"Beatdown DX",253
"Solar Voyage",306
"Feel (Alive)",194
"Breeze",316
"Starfall",253
"Ascend",372
"Lilith in Starlight",231
"Thanks for Playing",211
"Renewed Return",550
"THIS Pumpkin",242
"Conclude",467
"Beatdown (Strider Style)",152
"Harleboss",167
"Beatdown Round 2",147
"Dissension (Original)",107
"Dissension (Remix)",123
"Ohgodwhat",66
"Ohgodwhat Remix",65
"Rediscover Fusion",96
"Rediscover Fusion Remix",125
"Explore Remix",120
"Chorale for Jaspers",75
"Pony Chorale",63
"Frost",305
"Courser",277
"Umbral Ultimatum",213
"GameBro (Original 1990 Mix)",204
"Tribal Ebonpyre",108
"I Don't Want to Miss a Thing",237
"MeGaLoVania",167
"Walk-Stab-Walk (R&E)",209
"Gaia Queen",186
"Elevatorstuck",129
"Wacky Antics",125
"Horschestra",253
"Heir Transparent",241
"Boy Skylark (Brief)",166
"Squidissension",164
"Blackest Heart",152
"Nic Cage Song",165
"Phrenic Phever",198
"3 In The Morning (Pianokind)",253
"A Tender Moment",137
"Crystalanthology",284
"Crystalmethequins",313
"Anbroids V2.0",139
"Trepidation",232
"Firefly",68
"Whistling Jackhammer",239
"Ugly Betty",202
"Hate You",173
"Pumpkin Party in Sea Hitler's Water Apocalypse",234
"Skaianet",153
"Another Jungle",279
"GameGrl (Original 1993 Mix)",209
"ASSAULT",141
"A Little Fight Mewsic",139
"Austin, Atlantis",223
"Despot",216
"Stress",122
"Minihoof's Adventure",167
"Encore",189
"Expedition",149
"Elephant Gun",159
"Miasmajesty",200
"Jane Dargason",223
"Before the Beginning and After the End",267
"Bridge of Stars",215
"Cumulating Dreams",191
"Busting Makes Me Feel Good",205
"Everything is Something to Somebody",186
"iRRRRRRRRECONCILA8LE",101
"I'm a Member of the Midnight Crew (Post-Punk Version)",230
"Three in the Morning (Aftermath)",208
"Lancer",231
"Three's a Crowd",207
"Break Shot",185
"Portrait",253
"Negative Aperture",156
"Sweet Dreams, Timaeus",199
"Red Miles",190
"The Changing Game",252
"Requited",272
"Princess of Helium",132
"Moonsetter",141
"Candles and Clockwork (Alpha Version)",148
"Coursing",257
"Cairo Overcoat",223
"Battle Against an Unfathomable Enemy",220
"Noirscape",308
"Dogfight",220
"A Taste for Adventure",504
"Stargaze",84
"Another Countdown",80
"Frustracean",167
"I Have A Plan",198
"Hush Fell",254
"Synchronize",234
"Tribes",231
"Redshifts",276
"Rage",256
"Wrong Or Right",262
"Talk To The Words",195
"Hush",290
"Chameleon",248
"Blood For My Ancestors",363
"Dreaming Pool",512
"Jet Black",402
"Coelacanth",457
"An Overture From The Far End Of The Room",608
"Hijra",457
"~~MIDNIGT CREWD SIDE~~",15
"The Hideout",99
"We Are Midnight Crew",163
"Smooth Coaster",61
"Heck the Clonk",164
"Ode on the ,midight crewd",142
"Licord Jazzcrasty",135
"Fresh Jimmy's Fresh Swingz (ft. vrasky)",119
"Jousting Match",109
"smashed your cloncks (youre wellcome)",109
"The Black Death",157
"Stab - Stab - Stab",235
"Symphony of W&Z",135
"Liquid NegrociTown",215
"Midnight",166
"smooth mcgroove - licord nacrasty",130
"~~INTERMISHIN INTERMISHIN~~",18
"Three in the morning (Dif's JUST GO THE FUCK TO SLEEP ALREADY mix)",1220
"~~FELT SIDE~~",16
"Green Mansion",135
"Emerald Moonlight",127
"Blue Laggard",120
"Decade-Long Evening",97
"Lost Track Of Time",105
"Prying Time",52
"The Fixed Clock",252
"Die.",176
"Inaugural",81
"J8de Spider (Dadde Edition)",77
"The Enduring One",125
"Breakfast In Dead",45
"Common Cents",58
"Variating Sides",233
"Ringleader",187
"Scratching Consequences",102
"1 Through 15",93
"Old Buggy Now",215
"Ascension",235
"Come With Me",287
"Tacit Blue",135
"Rodeo Clown",249
"Cerulean Skies",202
"Noun",314
"Ithaca",244
"Kalesa In Binondo",237
"Underneath It All",153
"Laughing Forest",138
"The Roamin' Bowman",239
"OFF course",135
"Dave Story",84
"jhon vs dabe",36
"The Cult of Mods",108
"No Fursuit, No Shoes, No Service",215
"'[s) rose / jef: strife!'",136
"HS and New",82
"She's a D8ddy Lon8 L8gs",331
"Roze's Theme (Chiptune Warrior)",328
"Big Bad Beta Kids",33
"Terminal",83
"ideal bodey",44
"'Legend of Jhon: Breath of The Nacho'",192
"JHON ASCENDS TO A HIGHER PLANE OF REALITY",174
"sweet gains and hellish jhon",217
"'weeb jhon: ascending friendzone'",227
"HarleSmash",96
"You Killed My Father (Prepare to Die Edition)",199
"HECK.",67
"These Nanchos",221
"How Jack And Calliope Ran Away From An Imaginary Planet Together While Arguing About Whether It Really Did Exist Or Not",256
"The Art of Stealing Faces",134
"Shoplifting from the Beast",125
"Momi vs",42
"Collision Course (Davepeta's Movement)",245
"nude battle",66
"Crash Course in Creativity",71
"Horschestra (Horse of Time Verison)",112
"swet bro rebibal",184
"Ultimate Hope",120
"licord eternity",310
"Event Horizon / Barium Starlight",228
"Thank You For Playing",221
"Getting Lost",82
"Minotaur",216
"Pleas",186
"Forgotten",262
"Misbegotten",260
"Calypso Deep",106
"Cruel Ulysses",144
"Shoreline",228
"Bosom of Abraham",148
"Dante",132
"Tiresias",220
"Fission",150
"Requiem",278
"I Miss Being Lost",168
"Come Theseus",110
"ap0calypseArisen",154
"aDIOStOREADOR",122
"twiinArmageddon2",125
"CARCINOGENETICIST",124
"':arsenicCatnip'",166
"GrimAuxiliatrix",124
"G4LLOWSC4L1BR4TOR",89
"ar8chnidsGrip",111
"centaursTesticle",131
"terminallyCaPrIcIoUs",107
"caligulasAquarium",106
"cuttlefis)(Culler",141
"'[S] DISC 1 ==>'",24
"LAND OF PULSE AND HAZE",141
"Moonlight Riders",91
"Sunslambo",185
"Duet",158
"Grave of the Fireflies",158
"Dictator",224
"vriskafic8ion",154
"'Flight of the Meteor: Year 1'",264
"Across Time",158
"Slow Dancing in the Clockwork Hall",143
"Fill 'em with Daylight (YD Club Mix)",200
"Ruined Singularity",194
"Virtua-Bounce",94
"Sburban Keygen (WORKING 2009 NO VIRUS)",163
"Everyone Here, Fine and Happy, Let's Eat Some Cake and Play a Song",214
"The Final Spice is Cardamom for Apple Pie, Cloves for Pumpkins",233
"Ruination",195
"Braiin Faiiliiure",203
"Shire Strife",104
"Fright Rush",57
"Make Them Pay",186
"PLEA AND JUDGEMENT",129
"Lunar Solace",177
"Beckoning",83
"Yo Quiero la Homestuck",121
"Fugalanthequins",252
"Cometfall",187
"The Deceased Friends And Family",456
"Maybe it'll turn out better this time",211
"Lilith",207
"Stuck",625
"Prologue",173
"'[S] DISC 2 ==>'",20
"Symphony of Skaia",122
"When the Curtains Part",233
"Grimnarc Voodoo",300
"Karkat Loses His Mind And Learns Holy C",167
"Acid Hive",145
"MnSttR",135
"Puppeteer",295
"Grubheap",152
"Eternal Pulse",179
""RE:TCON (Act 2 RE:DUX)"",254
"'"Shred them to pieces"'",141
"Crystalanachronysms",318
"The Oligarch",182
"Requiem for a Daybreaker",276
"Slick Tricks",169
"Stepping Stones",222
"'Waltz in A Minor "Homestuck" (Op. 9)'",206
"Terminal Loop",142
"Switched On Showtime",143
"Chroma",182
"Rage Against Existence",157
"Caffeinated Jittering",165
"Lost in the Dream Bubbles",99
"Flushing Pale",188
"Under A Starry Night Sky",295
"Light in the Darkness",472
"Derse Dreamers II",244
"Shattered Twilight",352
"Dreams of a Better Future",153
"deadkidsGodhood",162
"GALACTIC INCOHERENCE ~ Cosmic NaN Propagation",586
"Yellow Yard",176
"'[S] DISC 3 ==>'",31
"Ace-celerando",253
"Delta Version",222
"Sunbumper",195
"The Imminently Deceased",222
"Dusksetter",283
"Sburban Juxtaposition",319
"I'm a Member of the Midnight Crew (Special Soapstone Version)",198
"Liquid Noir",209
"Four Boys Blues",177
"Celestial Company",178
"Moonslayer",304
"Frost and Frogs",292
"dog",141
"Arf!",161
"Frog Eater",240
"Movement",166
"THE LAST HOUR",96
"All Work and No Play",278
"'[S] Emerge'",202
"Adventurous Ascent",244
"Ultramagnetoparakineticrystalphotogrammetry",248
"Serendipitous Strife",143
"Strident Sburban Serenata",204
"Versus Oblivion",221
""'Til Death, We Grieve"",408
"Lost Memories",440
"Clockstopper (New Game+ All Clocks%)",348
"The Ballad of Moro and San",252
"Penumbral Awakening",213
"Dance of Storms",274
"Caliborn's Lament",270
"Stargazing with Gods",585
"Home / Stuck",1209
"Mothership",228
"This Is As Good As It Gets",263
"Like Angels",170
"Unstoppable",303
"Why Do You Play With My Heart?",209
"I Can't Get Enough Of You",183
"Faking It",190
"Lucky Charm",165
"Back To The Jungle",324
"Night Terrors",189
"Losing Heart",87
"Light",251
"Ruses",238
"Darknes",231
"Froges",288
"Light",336
"Shade",346
"Rain",394
"Frogs",306
"Frost",354
"Clockwork",313
"Heat",312
"Wind",483
"Forever",178
"Dawn of Man",344
"Beta Version",275
"No Release",268
"Fly",301
"Lies With The Sea",286
"Chain Of Prospit",277
"Pumpkin Tide",211
"The Deeper You Go",216
"Home",625
"Traveling",262
"Unchained",204
"Dinosaur Pill",306
"Ithaca Is Calling",253
"The Fifth Window",197
"The Return",372
"Pumpkin Tide (Gourdian Sea Version)",159
"Self-Avoiding Walks",281
"Negligent Murmur",389
"Violet and Gold",440
"Star I Never Caught",230
"Woman I Never Met",156
"Day That Never Came",202
"Puzzle I Never Solved",200
"Treasure I Never Found",148
"Voice I Never Heard",163
"Country I Never Saw",242
"People I Never Knew",206
"Sigh I Never Breathed",142
"Song I Never Played",112
"Music box",125
"Land of Storms and Seas ",236
"Land of Statues and Rime",232
"Sunrise",152
"Connect",188
"Machina",202
"Bad Dog, Worst Friend",216
"Painted Face",206
"Where It Begins.",198
"Kotori",85
"Sea Patrol in Action",102
"Snow Falling",120
"Snow Increasing",135
"Chiptune",67
"Reed",96
"Starfish",115
"Angry Dog",76
"Swag",100
"Corona",73
"Emotional Moment",91
"Duty's Prince",125
"Winged World",85
"Oceanfalls",131
"Piano",84
"'---- In The Beginning ----'",173
"Yellow and Purple",152
"Illusions",157
"Rosen Wings",98
"Secret Below",114
"Surge",86
"'--- Amidst It All ---'",180
"Iceshards",89
"Fiery Depths",177
"Performance",93
"Brought This (Upon Yourself)",176
"Right Hand",99
"'--- Ending ---'",121
"Firefly",91
"Up From the Depths",324
"Snow Cacophony",153
"First Blood",126
"Five's Eternal Lullaby",155
"Oceancute",103
"Beloved Little Prodigy",98
"Reed Chill",91
"Burning Wood Blocks",235
"Inept Quartet",154
"Portside",161
"Limefalls",172
"Selene Chill",69
"Won't You Sleep, Boy",424
"Million Mercies",227
"The Sunderer's Reprisal",235
"Sea of Tranquility",300
"Right Hand Confrontation",213
"Spolia Opima",266
"Rainfalls",195
"Royalty Unbind",515
"XII Converge",249
"Sacrosanct",171
"Know Thyself",178
"Cinq",190
"Memories of Home",262
"Wieczna Wiedza",175
"Metal and Meat",193
"Birthday Girl",123
"Mayday",127
"Hollowed Halls",118
"Emblems of a Magnum Opus",216
"Hazardous Path",216
"Living Will",110
"Unfamiliar Territory (Director's Cut)",198
"Purge Destiny",110
"To Ashes It Returns",149
"Rift Failure",347
"Face Thyself",426
"A Ghost Then a Frog Then a Robot Then a Fairy",179
"Mexican But Not Really",126
"The Gemoni Mustard Blood",124
"The Not-Fuckass Not-Waltz",161
"Everyone Forgets She Kills Animals",135
"The Ascended Twilight Fangirl",148
"Detective Cherry Inspector",170
"Madame Controversielle",170
"Yes, So Good",155
"The March of the One True Juggalo",129
"The Ridiculous Wwizard of Stupidity",127
"The Heiress Without a Role",103
"Rex Mille Geromius",346
"of troles and frytunes",95
"Old World",181
"Olive Scribe",147
"Olive Scribe (Original Mix)",152
"November",105
"Overfoot",100
"The Boss of Wheels",120
"I'm mister presidant",96
"Carousel Catastrophe",122
"Ectodaddies",99
"Sunset",120
"Utopia",136
"Requiem for a Hand",42
"Medley",242
"United in Hatred",106
"Last Chance",372
"Daddy",157
"Greifstrife",197
"Elegance of the Exiles",101
"shrimpies caneda",85
"Sunrise",200
"October",312
"Firefly Cloud",244
"FantasyP",232
"Underfoot",185
"Flying Car",189
"Cancerous Core",210
"Game Over",222
"Unlabeled",156
"Skaian Shrapnel",253
"The Scratch",454
"Respit",153
"Negastrife",389
"Mother",303
"Another Chance",301
"Under The Hat",207
"Mother (Piano)",187
"it's good to see you again",105
"Ophiuchus (Full Suite)",1710
"First Steps",88
"Back to Life",451
"A World Awake",437
"Blue Blood Group",186
"Bro Hop",188
"Wily Espionage",229
"Apexhalation",284
"Sburban Metro",196
"Skaianet 2.0",160
"Whiteout",264
"Requiem for Something Really Excellent",194
"Atoms in the Snow",67
"Web Weaver",190
"We Shall Not Cease From Exploration",145
"The New Crew",230
"Heir of Grief 8-bit",213
"'[S]ynchronise'",319
"Bane",366
"Interstellar",223
"Bronze Brawling",164
"Infinity's Lament",399
"A Farewell to Arms",276
"Moving On",870
"'[S]ynchronise (Instrumental)'",322
"Myststuck Suite (Full Version)",973
"Requiem for Something Really Excellent (Demo)",105
"Aggrievocation",219
"Slender",126
"Forge Multitask",208
"Train Hard!",341
"Isolate",165
"Carefree Action",128
"Edge of Worlds",205
"Galaxy Hearts",173
"Chromaestro",588
"Lurk",152
"Furni-Chore",94
"Bane",365
"Final Stand",212
"Dawn",111
"Song of Skaia",387
"The Raddest",236
"New and Improved",91
"Healing June",188
"Moondancer",361
"Perfectly Generic",156
"Nepeta Plays Kingdom Hearts and Loses her Shit Over Lion King Sora",200
"NEBULAMPHIBIAN",187
"Quartz and Melody",172
"Thought and Flow",226
"Gaster's Theme",233
"Another Noir (Extended Void Mix)",348
"Megalo in Death //  û…î…êq «ù û·¥â…π áS …• á…ê«ùp",260
"Welcome to Your New Suburban Reality",321
"Eternally You",322
"Perfectly Generic Object",176
"Sburban Genesis",237
"'720413'",198
"Wanderer's Vigil",177
"Verdant Metamorphosis",87
"Pacific Lullaby",78
"Amphibian Archeology",124
"Batrachian Biogeny",243
"Too L8",172
"Stalemate",173
"Hallowed Halls",215
"The Golden Towers",202
"Prospit Dreamers",199
"Center of Brilliance",217
"Darkened Streets",242
"The Obsidian Towers",199
"Derse Dreamers",215
"Core of Darkness",194
"Summer That Never Was",230
"Morning Ritual",167
"What's Wasting Me",155
"The Cold Hand",141
"Together",124
"The Influencer",146
"Just Dreams",190
"I Have Some Ideas",250
"Time Is Helpless",276
"Through The Play",193
"Just Almost",97
"Outlaw",237
"A Screaming Inside",134
"Breakthroughs",134
"Nervous Energy",268
"Now And Forever",239
"In The Works",262
"Ephemeral Muse",286
"Blood On Their Hands",166
"The Administrator",141
"Means Of Conquest",235
"Twelve Clown Salute",139
"The March",166
"Such A Shame",205
"Break This",81
"In The Loop",158
"'Flare: Insurrection Remix'",248
"'Summer That Never Was: Firebrand Remix'",235
"Fix This",114
"Edge Of Dawn",273
"Threshold",107
"We Were Right About Everything",351
"Feeling I Can't Shake",146
"Zhen",162
"The Successor",262
"Love Song",234
"'Ephemeral Muse: Final Remix'",248
"Summer That Never Was",230
"Morning Ritual",167
"What's Wasting Me",155
"The Cold Hand",141
"Together",124
"The Influencer",146
"Just Dreams",190
"I Have Some Ideas",250
"Time Is Helpless",276
"Through The Play",193
"Just Almost",97
"Outlaw",237
"A Screaming Inside",134
"Breakthroughs",134
"Nervous Energy",268
"Now And Forever",239
"In The Works",262
"Ephemeral Muse",286
"Blood On Their Hands",166
"The Administrator",141
"Means Of Conquest",235
"Twelve Clown Salute",139
"The March",166
"Such A Shame",205
"Break This",81
"In The Loop",158
"'Flare: Insurrection Remix'",248
"'Summer That Never Was: Firebrand Remix'",235
"Fix This",114
"Edge Of Dawn",273
"Threshold",107
"We Were Right About Everything",351
"Feeling I Can't Shake",146
"Zhen",162
"The Successor",262
"Love Song",234
"'Ephemeral Muse: Final Remix'",248
"'Together: Vocal Remix'",176
"Penumbra Hurbaderp",261
"MeGaLoVania Remix",366
"Shadow of the Sun",176
"Chronophobia",279
"Sunslammer (Hyper Genesis Mix)",140
"Reprise for the Fallen",192
"A New World",109
"Requiem for a Homestuck",127
"Time",218
"'-'",19
"Space",217
"Interlude I",72
"Regicide",405
"Fight and Flight",779
"Interlude II",73
"Ophiuchus' Auto-Cannibalistic Conflict",504
"Closure...?",222
"Rust Apocalypse [Anniversary Remaster]",456
"Broken Rainbow",97
"Rust Witch",227
"Teal Justice",171
"Violet Armada",241
"Rust Apocalypse",466
"White Angel",177
"Rust Servant (original)",288
"Teal Hunter (original)",151
"Violet Mariner (original)",165
"Creata (Canon Edit)",116
"Oppa Toby Style",339
"Eternity, Served Cold (Canon Edit)",214
"Heir of Grief",372
"Death of Swet Bro",71
"„Å¶he Deep Lament of heckacious jeferey",142
"you kiled swet bro prepair to di",74
"Guilty of Being Jhon",49
"anonamousVengance",108
"clonck effect",99
"Muse of Nanchos",133
"stairdown (to be continue;}?",93
"'*swet revonge*'",99
"'[FLASHBONK...] Sein Bro and Hella Feld'",87
"2012Core",39
"On An Island Far Away",210
"Polyepoxide",215
"Kanaya's Happy Time Meme Minute",187
"Roxtalgia",30
"Planet Healer",238
"Megalovania Super Lucky Edition",144
"How to Diagnose a Vriska",512
"Moonsniffers",283
"set-course praerept≈èr",245
"Cronus Goes to the DMVW",336
"Flushed Again",285
"Serenity's Haiku",38
"Vriska's Dragon",366
"Young Timaeus",307
"Hey, what do you think about this as a title for a track?",202
"Smooth Screens",76
"Metamorphic Flamenco",80
"Up We Go!",135
"Slowgre Battle",81
"Denizen Shuffle",110
"Vulcanic Eruption",128
"Choisi",128
"Prospitian Waltz",58
"Chocolate Grudge",111
"Primavera",166
"Universe Cre-SLEIGH-tion",91
"The Prelude",103
"Genesis",146
"Eden",126
"Exodus",128
"Requiem",176
"The Meek",136
"Chronicles",102
"Rapture",112
"Creation",242
"Revelations I",67
"Revelations II",161
"Revelations III",184
"Karkat's Brain",139
"Talkin' Sh8t",146
"Everyone Here, Fine and Happy, Let's Eat Some Cake and Play a Song",126
"Day One",181
"Live from the Meteor",389
"Remember",204
"ExistentHal Crisis",194
"Bridging the Event Horizon",120
"no homo",212
"Nostalgia Paradox",279
"Pumpkin Tide (TV's I Can Barely Sleep I Have To Quickly Finish This Rock Cover)",149
"When the Curtains Part",233
"Lofistuck",165
"Translucence, Transience",209
"Slow Dancing in the Clockwork Hall",144
"5 Years Older",464
"Tangled Up",250
"Black Nova / Green Moon",279
"One Last Strife",183
"A Scape",292
"'14121'",256
"Chicagoland",191
"North Walk / South Walk",334
"Loop 1",351
"Pulse",347
"Hues / Tone",279
"Audio Commentary Featuring David Ellis, Robert J! Lake, Yishan Mai, Marcy Nabors and Corbin Pangilinan",2403
"Skaian Synthesis",278
"Heir of Grief",189
"Sburban Jungle",188
"Moonsetter",168
"Beatdown",125
"Eurolovania",102
"Black",160
"Sunslammer",124
"Beatdown",163
"Who Am Me?",168
"Paradox Space",302
"Land of Brains and Fire",295
"i once swore to put penumbra phantasm into every homestuck project i work on until toby releases it but honestly this is getting ridiculous",283
"RE:TCON",254
"solving puzzles is what i do.",80
"Megalovania SUPER LUCKY Edition",152
"The World as We Know It",189
"I'm A Member of the Midnight Crew",138
"Hot Pink Denial",123
"A Pinch",184
"In the coldest rooms, I burn a picture of you for warmth",674
"Sun ‚òâ Chariot",285
"Mercury ‚òø",226
"Venus ‚ôÄ Beauty Mark",314
"Earth ‚ôÅ",285
"Moon ‚òæ Lunar Love Song",307
"Mars ‚ôÇ prejudice",192
"Asteroid Belt ‚ùä Polymorphic Virus",238
"Jupiter ‚ôÉ my queen in veils",253
"Europa ‚öÆ noli mentƒ´ iuppiter",151
"Saturn ‚ôÑ Mission to Saturn",213
"Uranus ‚ôÖ Frostbitten Clouds",192
"Neptune ‚ôÜ The Siren's Call",136
"Pluto ‚ôá",175
"Someday",238
"Someday (Astro Kid Remix)",281
"'Null'",152
"Skaian Birth",148
"Song of Skaia",387
"Growing Up",153
"Haven't You Noticed (I'm A Star)",162
"Starlit",180
"Lapis Lazuli (Extended)",214
"Oceanic Flight",301
"She's Gone",198
"Pink",220
"WE ON THE MOON",295
"Guard Your Heart",173
"Made of Love",325
"In the Depths",363
"Peace and Love",167
"Barn Buddies",141
"My Diamond",206
"What Once Was",235
"What's The Use of Feeling Blue Cover",251
"You Are My Homeworld",96
"I'm Perfect",206
"Alone (Drift Away remix)",163
"Home",199
"Beach City (People of This World)",200
"BOSS BATTLE",155
"Mistakes",93
"Oceanic Flight Orchestral",300
"Growing Up (Instrumental)",153
"Haven't You Noticed (I'm A Star) (Instrumental)",162
"Lapis Lazuli (Extended) (Instrumental)",214
"Oceanic Flight (Instrumental)",300
"What's The Use of Feeling Blue Cover (Instrumental)",179
"Rivervale",275
"Cat About Town",139
"Tinkersmith",322
"Dreaming of Adventure",125
"Millbrooke's",138
"Harvest Waltz",176
"The Tinker's Journey",265
"Lakeside",204
"Newfound Determination",104
"Silk and Linen",126
"Dance of the Luna Bees",129
"The Garden",114
"Delta Streets",83
"Puddle Jumping",75
"The Witch's Quest",307
"Before the Rains Come",104
"Heir of Grief",322
"Of Gods and Witches",253
"Peaches and Curry",121
"Lighten Up",132
"Title",41
"Cave",97
"Jungle",72
"Ice Caves",100
"Temple",115
"Olmec",94
"Victory",37
"Ending",37
"I - Overture",420
"II - Sarabande",156
"III - Serenade",344
"IV - Anthem",228
"Is this a chord progression?",6
"it isnt really a harmonic progression but more like a harmonized melody/ostinato",14
"It's Bb Major Not A# Major (Because The Song Is In D Minor)",169
"The Tirant Waltz",28
"Just slap an accordion onto there. It'll be fine.",103
"I Cheated By Moving Tirant's Melody One Eighth Note To The Left",146
"It's 4/4 now and a different genre",240
"i botched up the time signature (aka unintentional alphys)",42
"I also want to contribute",44
"this kind of works.wav",43
"'4/4 is better :Vrasky: (aka: Wait, TENSEI made a song for this?!)'",49
"Four Four and Seven Years Ago, or, "I didn't listen to any of the others, but apparently it was supposed to be in 3/4"",19
"4/4 is better i agree with tensei",81
"made completely in 2017",101
"Groovin'",111
"The Ballad of Megan Pouring",380
"The Ballad of Megan Pouring (instrumental)",383
"Jade Dragon",207
"Swing of the Clock",358
"Rhapsody in Green",234
"Humphrey's Lullaby",126
"Clockwork Reversal",101
"Chartreuse Rewind",297
"The Broken Clock",190
"Apocryphal Antithesis",171
"Trails",149
"Baroqueback Bowtier (Scratch's Lament)",246
"Scratch",190
"Omelette Sandwich",212
"Temporal Piano",229
"Time Paradox",186
"Eldritch",122
"English",210
"Variations",363
"Broom Temperature",118
"Frondly Warning",139
"Ghost Mound",122
"Every Single Grievance",71
"Get The Horns",135
"The Raddest",236
"Carapacian Dominion",440
"Aimless Morning Gold",228
"Endless Expanse",359
"Gilded Sands",240
"Years in the Future",275
"Mayor Maynot",200
"We Walk",162
"Requiem for an Exile",121
"Raggy Looking Dance",208
"Riches to Ruins Movements I & II",140
"Litrichean Rioghail",300
"Ruins Rising",300
"What a Daring Dream",166
"Nightmare",253
"Vagabounce Remix",115
"Tomahawk Head",209
"Confined",244
"üéº Fraymotif !",791
"Beat Mesa Boogie",976
"Rainbow Rumpus Partytown",432
"'''Til Death, We Grieve'",408
"God Tier",369
"Ôº≠ÔΩÖÔºßÔΩÅÔº¨ÔΩèÔº∂ÔΩÅÔΩéÔΩâÔΩÅ (cover)",171
"ETERNAL SUFFERING",171
"twoward2 the heaven2",142
"wwretched wwaltz",227
"--Emperical",124
"Dishonorable Highb100d",180
"aN UNHOLY RITUAL,",165
"Immaculate Peacekeeper",183
"'0_0'",180
"SUBJUGGLATION",168
"pawnce!",118
"R3DGL4R3",182
"Spider8ite!!!!!!!!",253
"Green Sun",144
"June, or July",126
"Valhalla (Scratched Disc Edit)",211
"Spider8ite (Thief of Lounge Mix)",211
"Welcome to the Dark Carnival",83
"Toxic Love",100
"Mind Your Step, Young Squire",152
"Grande Illusion",123
"Conflict of Grace",116
"I Keep Forgetting",277
"Lets Get Lost",143
"We'll Make the Best of Things",223
"'Grande Illusion: Que Dieu ait pitie'",87
"Natural Selection",162
"Seer of Heart",133
"Cosmic Adversary",139
"Monk of Time",128
"Hold My Hand",149
"Rogue of Light",151
"Surmount",103
"Bombs Away",173
"Criminal Mind",152
"Girl Like You",190
"Communion",144
"Sabotage",248
"When I Think About You",171
"Interlude",53
"Mechanism",180
"Saint",161
"Identity Thief",216
"Powerline",163
"Utopia",200
"Back To Start",181
"Cool and New Music Team",49
"Fresh Jimmy Anthem",146
"Conflict! (Guitarkind)",53
"(Un)Intentional Touhou",177
"HECKACIoUS",67
"Bowstutzlogic",145
"u kiled swet bro - Prepare to Die",239
"I AM V8RY IM8ORT8ANT",81
"'{s] coaster: Rise and fall'",171
"(intractive?) Character Selection Screen",88
"Starry Midnight",136
"Bowmanian Jungle",259
"Dialup",133
"Doomed Timeli ne",41
"Jhon's Lament",98
"Rose-a-Coaster",98
"The Bird is Back",94
"FairyDust (Vrasky's Theme)",172
"Amidst This Mess",188
"'pysc0roins: licord boogaloo'",115
"Cool and New Incipisphere",147
"ÔΩÖÔΩòÔΩàÔΩÅÔΩåÔΩÖ",80
"Fighting Spirit ~Double Ascended Form~",259
"Aura of Colour",223
"Quartet",79
"Bendalass",161
"Sburban Tycoon",103
"THE 8EST FLARPER EVER!!!!!!!!",90
"SLEP POLISE THEMEME",136
"Sburban Blaster (Full Version)",140
"Dreams of hrates' O. T. P",132
"Savior of the Waking Patient",152
"HOW DO I LIVE (bunnie tiem mix) (feat. renns)",191
"Waters of GameBrodyLoVania",175
"Science",134
"dabestep ULTRAMEGAMIX w aditionel drumbs",113
"Guilty of Being Alternia",55
"Conflictlovania",99
"Willful Cryptanalysis",163
"Germysprite",63
"frogesong",154
"adoisTrader's Succesful Financial Operation",186
"Rolla Coasta Tycoon",45
"Se√±or Espa√±ola",106
"Death by Eyewear",135
"I GOT A HOUSE FULL OF ROACHES BUT INSTEAD OF SPREADING DISEASE THEY JUST STARTED A SKA BAND IN MY BASEMENT (FUCKING YIKES MAN)",122
"Rozepiano",107
"Haunt",123
"You've done this (I can't Believe)",79
"'413143413414143'",76
"Fresh Jimmy's Fresh Orchestraz",175
"le canrival",132
"It Came From Volume 8",90
"'AAAAAAAAAAAAA Canon remix (not actually cannon though) cannon remix: THIT ONE IS CANON.'",58
"Arise",367
"Cognize",378
"1x SHOWDOWN COMBO",99
"This song was made 30 minutes before the deadline so fuck you",61
"cool and new an them",115
"ÔΩÖÔΩòÔΩàÔΩÅÔΩåÔΩÖ (Full Ver.)",178
"Quartet (Full Ver.)",185
"Sburban Tycoon (Full Ver.)",214
"ÔºçÁßÅ„ÅØ„ÅÇ„Å™„Åü„ÇíÈ®ô„Åó„Åæ„Åó„ÅüÔºç( Õ°¬∞ Õú ñ Õ°¬∞)",403
"ÔºßÔº°Ôº≠Ôº©ÔºÆÔºß„Éñ„É©„Ç∂„ÉºÔºôÔºñ",257
"Â§úÈñì„ÅÆÔº≠ÔºØÔºØÔºÆÊ±ó",206
"ÂÆ∂„ÅßÁ´ã„Å°ÂæÄÁîü„ÄåÔºµÔºßÔº¨ÔºπÔºçÔº¢Ôº•Ôº¢Ôº¢Ôºπ„Äç",177
"Ôº≥„Ç∏Ôº¢„É£Ôºµ„É≥Ôº≤„Ç∞Ôº¢„É´",279
"Ôº£Ôº≤ÔºπÔº≥Ôº¥Ôº°Ôº¨ÊØç„ÅÆÂõΩÊ≠å",108
"Ôº≤Ôº™Áú†„Çå„Å™„ÅÑÔºìÔº°Ôº≠",402
"„Ç§„Ç´„ÅÆÂ≠ê‰æõ„ÅÆÔº∞Ôº°Ôº≤Ôº°Ôº§Ôº©Ôº≥Ôº•",282
"$H‚òØW‚úùIM‚Ç¨Ôºç420Ôºç( ‚ñΩ ` )Ôæâ",163
"È≠öÂ®ò„Éâ„Ç≠„Éâ„Ç≠",142
"„Åå„Çì„Å∞„Å£„Å¶Ôº§Ôº°Ôº∂Ôº©Ôº§„Åï„Çì",120
"weed dreams..",158
"ÈÖî„Å£„ÅüÔº≠Ôº©Ôº§ÔºÆÔº©ÔºßÔº®Ôº¥„ÅÆ‰πóÁµÑÂì°",329
"Ôºî„Å°„ÇÉ„Çì ‚Ä¢ „Éó„É≠„Çπ„Éî„ÉÉ„Éà",226
"The Static",72
"Curtain Call",97
"Blood Right",215
"Cosmic Significance",233
"Star Children",217
"A New World",102
"Razzmatazz",136
"Mammory Master",105
"Striving For A Future",127
"A Very Active Imagination",218
"Bias",180
"Six By Six",168
"Ferocity Weaving",302
"Radioactive Ore",156
"Starry Night",97
"Clamor",113
"Song For The Lost",100
"Woof-",197
"Sunrise",198
"J-Jitterbug",120
"Extra Worse",104
"On Repeat",134
"Commercial Break",200
"'INTERMISSION: Beyond The Wall'",193
"Third Eye",145
"Oversaturated",267
"Paint The Town Black",179
"Final Bow",130
"You'd Do It For Randolph Scott",96
"Alone In The Rain",233
"Poetic",127
"Zehanpuryu",145
"Revelations",141
"The Day After Spring Began",180
"Terran Wanderer",133
"Invigorated Wasteland",144
"Scarred For Life",150
"Curtain Call (psithurist's "the game isn't sgrub" remix)",146
"Polkafighter!",82
"Mantle Piece",268
"Mother Of The Stars",146
"Sickly Green Glow",162
"Waltz In The Static Void",114
"Code Red And Existential Dread",246
"Sortir",226
"Vast Error",248
"Ultima Hoc Fatum",369
"Gone",154
"Sburban Sprawl",161
"Slick Tricks",168
"Cometfall",188
"Ultramagnetoparakineticrystalphotogrammetry",248
"Moonrunner",155
"Unstable Loops",190
"Windterlude",113
"Ruined Singularity",194
"Rafflesia in Bloom",190
"All In Your Mind",231
"Pool Hall Massacre",199
"Unification",246
"Thief of Space",207
"Entangled",253
"Harrigan",272
"She Needs to Come Home",219
"Mischief",224
"Miranda",202
"A Romance of Protons and Neutrons",264
"A Heaven Broad and Ochre",249
"Lunatic",348
"An Old One",184
"'15874'",139
"Dreaming of Living",126
"Songbird's Lunch Break",190
"Infinity Proof Liquor",154
"Breath in",176
"Freshly Sleeping",170
"Glide",164
"Wake",128
"Calming Quartz",125
"Sandy Skyline",173
"Deep Fried",240
"Red Pulse",205
"Oolongcat",163
"Light Like Raindrops",195
"Delta Divination",207
"Acquiesce",265
"Depths and Water",435
"Carnival of Nescience",125
"Round Perdition's Flames",224
"The Hyaline",253
